{"assets/fonts/Mitr-Medium/Mitr-Medium.ttf":["assets/fonts/Mitr-Medium/Mitr-Medium.ttf"],"assets/fonts/Neometric%20Medium%20(Regular).otf":["assets/fonts/Neometric%20Medium%20(Regular).otf"],"assets/images/1643545_04c33.gif":["assets/images/1643545_04c33.gif"],"assets/images/Logo_Sevendre.svg":["assets/images/Logo_Sevendre.svg"],"assets/images/bg-01.jpg":["assets/images/bg-01.jpg"],"assets/images/buildin1.jpeg":["assets/images/buildin1.jpeg"],"assets/images/building.jpeg":["assets/images/building.jpeg"],"assets/images/image_Backroud.jpg":["assets/images/image_Backroud.jpg"],"assets/images/logo-svasm.png":["assets/images/logo-svasm.png"],"assets/images/logo_Sevendre2.png":["assets/images/logo_Sevendre2.png"],"assets/images/logo_Sevendre2.svg":["assets/images/logo_Sevendre2.svg"],"assets/images/pexels-ricardo-esquivel-1662159.jpg":["assets/images/pexels-ricardo-esquivel-1662159.jpg"],"assets/images/refuser.gif":["assets/images/refuser.gif"],"assets/images/undraw_add_information_j2wg.svg":["assets/images/undraw_add_information_j2wg.svg"],"assets/images/validation.png":["assets/images/validation.png"],"packages/awesome_dialog/assets/flare/error.flr":["packages/awesome_dialog/assets/flare/error.flr"],"packages/awesome_dialog/assets/flare/info.flr":["packages/awesome_dialog/assets/flare/info.flr"],"packages/awesome_dialog/assets/flare/info2.flr":["packages/awesome_dialog/assets/flare/info2.flr"],"packages/awesome_dialog/assets/flare/info_without_loop.flr":["packages/awesome_dialog/assets/flare/info_without_loop.flr"],"packages/awesome_dialog/assets/flare/question.flr":["packages/awesome_dialog/assets/flare/question.flr"],"packages/awesome_dialog/assets/flare/succes.flr":["packages/awesome_dialog/assets/flare/succes.flr"],"packages/awesome_dialog/assets/flare/succes_without_loop.flr":["packages/awesome_dialog/assets/flare/succes_without_loop.flr"],"packages/awesome_dialog/assets/flare/warning.flr":["packages/awesome_dialog/assets/flare/warning.flr"],"packages/awesome_dialog/assets/flare/warning_without_loop.flr":["packages/awesome_dialog/assets/flare/warning_without_loop.flr"],"packages/cupertino_icons/assets/CupertinoIcons.ttf":["packages/cupertino_icons/assets/CupertinoIcons.ttf"],"packages/im_stepper/assets/me.jpg":["packages/im_stepper/assets/me.jpg"]}